x1,x2,y
-1.667602397748075,1.5968073193110333,darkblue
-4.8879440511001295,-1.8580324370270764,darkblue
0.1266941240721539,0.38693568829775615,darkblue
-2.4121370083447733,1.5475805308859942,darkblue
-1.7450786215397915,1.749914754637713,darkblue
-1.397300606186442,1.6301045278738109,darkblue
-2.7479461062045494,1.6885208668401013,darkblue
-1.119164539421924,1.4739794188291295,darkblue
-4.446712449243727,0.6218193084278539,darkblue
-2.755682621124189,1.438199606206795,darkblue
-2.8507315418103114,1.5563287757264082,darkblue
-0.8541700612425065,1.835275767380375,darkblue
-2.352460309868711,1.4737554402290076,darkblue
-3.168597219527736,1.7524350262595205,darkblue
-4.259618814234265,-0.04496485293176228,darkblue
-1.5739922659834775,1.8833460363140344,darkblue
-0.446870038337984,0.8602375105874115,darkblue
-0.5414206915766417,1.0823835045056165,darkblue
-0.0433552946427927,0.784833819609527,darkblue
-0.1290615360178427,0.7575737047392834,darkblue
-4.525321127392447,-0.1940937564385813,darkblue
0.03743409032485562,0.4287041514250932,darkblue
-1.116718607474639,1.3038255088247548,darkblue
-4.484184703604196,0.3359816567058871,darkblue
-3.742611449710946,1.6612464258755646,darkblue
-4.898756082453582,-1.75579932103536,darkblue
-1.7662792115288457,1.7687437795392342,darkblue
-1.5064845460861138,1.9095495459899452,darkblue
-1.0417797808425946,1.6568989806430554,darkblue
-4.893473198728886,-0.9425903381795631,darkblue
-4.610116316675695,0.04256665858806827,darkblue
-0.462082265904371,1.3019278792921374,darkblue
0.01719686030969389,0.7704374490188766,darkblue
-3.665255608218568,1.087164194117445,darkblue
-0.26765260159446846,0.9654446896924374,darkblue
-1.5923303039527907,1.885872075094691,darkblue
-0.0167681215212703,0.43323988145763026,darkblue
-3.6160758059973896,0.8893913451533411,darkblue
-4.337243794791419,-0.6865168939922146,darkblue
-2.970585328990336,1.5132924427873484,darkblue
-2.8831906559898384,1.5095351372551076,darkblue
-0.14582961957275475,0.5592901437836459,darkblue
-1.4940956348249406,1.5577246118682626,darkblue
-3.1320162015759094,1.8555892782185888,darkblue
-4.734464408705141,-0.530596096451419,darkblue
-0.2738345791926926,0.669102238002705,darkblue
-4.291215179060737,-0.17124907616116763,darkblue
-1.9043999848167266,1.9644271832416664,darkblue
-4.074645910992693,0.7982793788870262,darkblue
-2.500564374754225,1.1384639255850661,darkblue
-0.1809747211042208,0.7036619434221045,darkblue
-1.601052151438405,1.4988474702178096,darkblue
-1.17598320559315,1.9597622249743605,darkblue
-0.25194012248745656,0.6355620854386705,darkblue
-1.2500864779602567,1.5278164079270664,darkblue
-2.3543088829562926,1.409069054788321,darkblue
-4.652906033033962,-0.46695325395053416,darkblue
-4.327598136579756,-0.9542148426577804,darkblue
-4.528240957435602,0.0877393649792837,darkblue
-4.04778278820079,0.7437726236204657,darkblue
-3.243799809473659,1.389710983921349,darkblue
-2.098552358588237,1.8408463405328168,darkblue
-3.4200409288348914,0.9764710839495796,darkblue
-0.5099722575409124,1.18375397950198,darkblue
-1.4803915719554062,1.853701381235706,darkblue
-3.4255059930712313,1.7963651630283195,darkblue
-2.7014877682563423,0.9726917240206301,darkblue
-5.2894763045295,-2.3067099877387762,darkblue
-2.7350348336648613,1.520494804717272,darkblue
-1.6875270008024608,1.8213370311227475,darkblue
-4.714689480326007,-0.7712458917835687,darkblue
-4.832884373283345,-0.979779272180307,darkblue
-0.33945139462012563,1.3240594606853728,darkblue
-4.584518058535753,0.08376790027016304,darkblue
-0.22488731900396147,0.6025957637754892,darkblue
-4.698834649897488,-0.010733290620517866,darkblue
-2.845559253484696,1.371151947042206,darkblue
-1.9997904978921919,1.8148125952606105,darkblue
-0.7387344024073851,1.7475133349047673,darkblue
-0.10357089717845945,0.6955848868602356,darkblue
-1.8937677495479373,2.06310770517678,darkblue
-5.069795412325809,-2.320519752217876,darkblue
-4.777784754257379,0.012477135080792345,darkblue
-0.3075498037085933,1.3383495393877503,darkblue
-1.6581893233284315,1.628113127760758,darkblue
-5.233216058387728,-1.7529199042573358,darkblue
-0.06038310253751303,1.0300113298627325,darkblue
-2.9981168725332075,1.3103963333198179,darkblue
-0.7690196604393247,1.6716965140876792,darkblue
-4.189771928929717,0.22569423214584816,darkblue
-4.867837049706644,-0.9113247933466436,darkblue
-5.375752191989846,-2.409186090035627,darkblue
-3.263848527506567,1.1454690934831353,darkblue
-3.9846794308284723,0.8885208565663201,darkblue
-4.808697711772796,-1.2646953902363103,darkblue
-4.99868686771352,-0.6195641955351628,darkblue
-1.454195617559233,1.9254076938556652,darkblue
-2.447956643496602,1.505101928468323,darkblue
-3.542179610302595,1.451659977318537,darkblue
-1.346234112189766,1.7340287956822622,darkblue
-4.406102265191487,-0.4453913855949345,darkblue
-2.5973477035012937,1.6611095443370094,darkblue
-0.08269486067241552,0.42924646148678736,darkblue
-2.8600421523663657,1.0790582036046352,darkblue
-2.1365317322907096,1.505054610373886,darkblue
-3.753212119872811,0.6665901266227288,darkblue
-0.8602019924973806,1.3906991847163366,darkblue
-2.1778719012301333,1.582672727131284,darkblue
-1.0005725316586784,1.5486239576560614,darkblue
-4.7504183622081,-0.7856301492156726,darkblue
-0.5381775365249214,1.2573949078288365,darkblue
-0.6065790547235884,1.7619646667323192,darkblue
-3.2334203213411854,1.1440328609586934,darkblue
-4.436783101390183,-0.8962936966853929,darkblue
-1.9602240176976944,1.7126070660048787,darkblue
-2.632672013287668,1.4715120645440438,darkblue
-2.915052529253529,1.9590533562683525,darkblue
-1.4559215532095864,1.4960009637349914,darkblue
-5.122455661363325,-1.6408482266802893,darkblue
-2.4203715949919093,1.748770967325991,darkblue
-2.5140089416719147,2.1211525247560106,darkblue
-0.934512069093461,1.8514948756710798,darkblue
-0.9429033860702193,1.1533025992580686,darkblue
-0.12254201645106212,1.1122167045364442,darkblue
-4.811773964347356,-0.46803741237106566,darkblue
-1.8363006368363606,1.804974239304949,darkblue
-3.536761415185405,0.9520742230761989,darkblue
-3.7149672190352305,0.8541974269487935,darkblue
0.17619995978332062,0.4493600296883297,darkblue
-3.4055303145313536,1.2369606424842867,darkblue
-4.613902884971311,-0.8458759041725049,darkblue
-4.613052925747105,0.02532187200700422,darkblue
-5.212607325587378,-1.6964222573203973,darkblue
-4.366606902023172,-0.32360036465065967,darkblue
-5.143288745085272,-1.5819017318070745,darkblue
-4.837872199242928,-1.594651714837209,darkblue
-3.7130113787909127,0.809890245715137,darkblue
-2.1953101771405157,1.738265218242739,darkblue
-4.233259161443381,0.43376321000587836,darkblue
-2.796358923569235,1.393214875345788,darkblue
-4.042127216693988,0.0021928641022621043,darkblue
-3.8691794337662078,0.8343501203790709,darkblue
-2.666849492465391,2.0052497975431045,darkblue
-4.415072171798206,-0.2579690682127345,darkblue
-4.789826292117094,-0.006613215140248832,darkblue
-3.8170417502072373,0.8875927233225501,darkblue
-0.19621439844671507,0.6995373988959906,darkblue
-0.21050435326482334,1.082183232158899,darkblue
-4.881122222459081,-0.8578742711266796,darkblue
-0.3358479142541836,1.2676778307279961,darkblue
-5.382550780424415,-1.8325511005059119,darkblue
-3.4566992509348813,0.9638256552104685,darkblue
-2.127568084309142,1.8728609380538774,darkblue
-0.32205049060137103,1.3433307238023908,darkblue
-0.023495971700365968,0.6071484721828594,darkblue
-2.497945281037358,1.5957068422848848,darkblue
-0.2581178345269313,0.8745779963985999,darkblue
-1.8871240672909395,1.7084937451756936,darkblue
-3.9989746031705695,0.1660462287546709,darkblue
-2.9229290432644,1.7210068367265552,darkblue
-2.451334732373202,1.5780138164367379,darkblue
-4.671121749219691,-0.8737527805719373,darkblue
-1.0366449059951781,1.8614881889246606,darkblue
0.11510039268986708,0.4855226367987354,darkblue
-4.035524404877571,0.8587056231062011,darkblue
-0.10088770636353137,0.7815272859201865,darkblue
-2.8286065054165217,1.4770085531420145,darkblue
-4.891863070661676,-1.5715752704282138,darkblue
-0.8110435958136119,1.5527694473118978,darkblue
-5.478895064067565,-1.1305485059110203,darkblue
-2.658397470359535,1.121819345019098,darkblue
0.4243590576149295,0.6851009796469403,darkblue
-3.938151717916942,0.8363665436255545,darkblue
-0.004834886185315156,0.7593116538600196,darkblue
-3.146934375410935,1.4743157894035044,darkblue
-5.2786831561816605,-1.6958453928129409,darkblue
-3.1798618918069392,1.1929534897584695,darkblue
-2.5365473748667933,1.3688799525701452,darkblue
-0.07973978351838712,0.8069511167182281,darkblue
-5.196877901042018,-2.0320247591017924,darkblue
0.1768408277666565,0.8779807694086204,darkblue
-0.45940135167760254,1.302223416543651,darkblue
-1.804725269753404,1.401275805902626,darkblue
-4.649983951156548,-0.8083248402958284,darkblue
-0.5270970398341962,1.6221852848104061,darkblue
-3.618933667645501,0.9460148630376952,darkblue
-2.6395529520021492,1.489411369949697,darkblue
-1.8690711183453788,1.6801697109919675,darkblue
-4.6390889971165254,-0.34542791255163924,darkblue
-0.28813924882979686,1.2097053349515434,darkblue
0.16660360430325274,0.8319567833921905,darkblue
-0.49195512896264604,1.3193047816084829,darkblue
-1.1683825319086163,1.4324646131845151,darkblue
-0.8869421966696538,1.6494265584884351,darkblue
-2.0197453984179994,1.575665700315292,darkblue
-3.1970668800883644,1.3600702483762395,darkblue
-4.737319217818064,-1.0192300360217303,darkblue
-4.506187949671206,-0.5267235724659327,darkblue
-5.345061930274197,-1.9973988639051874,darkblue
-4.779480902977462,0.29687046002612927,darkblue
0.65505888894797,2.1425153330786393,darkred
-4.140150472866926,3.477706260056206,darkred
0.6603095711360366,0.10734448263400195,darkred
0.14883055794717334,2.5676892599804777,darkred
0.662023653530795,2.4357313767837674,darkred
0.8918754036876183,2.125940260581051,darkred
-0.022929627529885227,3.461328858152943,darkred
1.1926975184697377,2.0032872896874676,darkred
-1.9655246472624124,3.9115060856258372,darkred
-0.023569303487293747,3.331774065167336,darkred
-0.12101203888436744,3.399118572894266,darkred
0.8587333859418702,1.770250364672688,darkred
0.29077717163641825,2.7550448021067426,darkred
-0.4555186551778899,3.4051855982361836,darkred
-1.8893873055749053,3.4965236814314493,darkred
0.849250398725677,2.59869720571591,darkred
0.4425583131020803,0.5401140360511656,darkred
0.49824085448450783,0.7725235591496179,darkred
0.47676579940227043,0.50870899183926,darkred
0.7647609575376397,0.4375273700566309,darkred
-2.460046572631637,3.872827422158652,darkred
0.5399891323112239,0.15732047519698658,darkred
0.767802272249327,1.361437702152366,darkred
-2.155210253970864,3.9602920942204793,darkred
-1.0756832745299456,4.331883588457762,darkred
-4.017499825972171,3.490643501217185,darkred
0.4571142511334666,2.174332769022553,darkred
0.6462181012706961,2.2279686787362296,darkred
0.973647374659827,1.8296996572361737,darkred
-3.4605682507110576,3.8591562569380753,darkred
-2.4862778045311242,4.021445056297342,darkred
0.8582940970048959,1.0532441062023623,darkred
0.6799832548093527,0.46510161840016706,darkred
-0.9665268714879129,3.5773075367137053,darkred
0.5708166361160179,0.6454198047859712,darkred
0.8345803102926246,2.6080765393319667,darkred
0.6863269425135536,0.12252188098895361,darkred
-0.946306370273156,3.5459387822198423,darkred
-2.5799079896023365,3.7787638523592952,darkred
-0.24425193831690248,3.303422140259127,darkred
-0.15155049031206597,3.655010323651343,darkred
0.6177494600452528,0.24276700260669376,darkred
0.6525868594705094,1.8691381117423964,darkred
-0.4552197671391921,3.282483154606584,darkred
-2.784640500237189,3.697092220840898,darkred
0.5553619581273701,0.3492929707837258,darkred
-1.8727340325551172,3.2666361443597602,darkred
0.5815425918763546,2.8050993806263977,darkred
-1.5959727036250548,4.094259441892507,darkred
0.1763477878325795,2.5659303054171905,darkred
0.6212218714705859,0.3848298977689729,darkred
0.5462773082105281,1.8110108711403743,darkred
1.013071950344076,2.3218418231015,darkred
0.3832031186878492,0.3346318798274957,darkred
0.7686706541697265,1.7038265081909587,darkred
0.2865391169489723,2.6812106312285366,darkred
-2.6749920949037698,3.7230402307095467,darkred
-2.4799231254572827,3.4037593860981,darkred
-2.174693928274772,3.663308635667912,darkred
-1.4575899167100668,3.7202490508635813,darkred
-0.5120889647445764,3.533490788593614,darkred
0.36793182475646635,2.6406441665905214,darkred
-0.6955030215742344,3.2396154613738752,darkred
0.5113940339456171,0.8718079708871905,darkred
1.0225906595137817,2.731853246246954,darkred
-0.6924417345492069,3.9019187481136948,darkred
0.03286527081532448,3.0069464854414916,darkred
-4.748872848970275,3.155989372065981,darkred
-0.018856244073866657,3.2000892352103545,darkred
0.6709738708036911,2.423797236881486,darkred
-2.7483666098104367,3.4344061942071384,darkred
-2.922831546173001,3.2998545611233463,darkred
0.9915060060805392,1.078770418901375,darkred
-2.210258313994823,3.616901647019474,darkred
0.5895831147696983,0.28325484865977024,darkred
-2.3169018424055587,3.5063448922158766,darkred
-0.15080722986635026,2.8956409860334387,darkred
0.42459422996253715,2.532291864455726,darkred
0.9955890015595296,1.6962212256102953,darkred
0.7896612168233437,0.3755274004475263,darkred
0.5548392144741122,2.8269911873547326,darkred
-4.545196644248393,3.1514328057336543,darkred
-2.644460500537433,3.976629770468765,darkred
0.6393913660698491,1.020303543167578,darkred
0.7612122179642962,2.3363446213301002,darkred
-4.321283317662786,3.47210608572642,darkred
0.9494093256930778,0.7168650386534464,darkred
-0.26631072483878937,3.1962983289512685,darkred
1.054542494276889,1.6823435371596984,darkred
-1.7146904225102941,3.5306072713122245,darkred
-3.418320444727172,3.874783823338812,darkred
-4.826023656621003,3.0482031570046537,darkred
-0.5429566906720524,3.4513559247479675,darkred
-1.4020423774875765,3.8899967087333573,darkred
-3.6208403453326103,3.751224267743307,darkred
-3.2346825495865077,3.838027310537156,darkred
0.9472040109037669,2.6010230965514527,darkred
0.22758323299932764,2.9258188143161608,darkred
-0.9111001168125881,4.279559768793157,darkred
0.5985069419139473,1.8420672603939736,darkred
-2.527739518367262,3.8745021610392723,darkred
0.054336006594131375,2.9758359907575542,darkred
0.4567336117568476,0.1482086502240771,darkred
-0.18665465497225547,2.4893562053947598,darkred
0.38737144481712615,2.4316360018446432,darkred
-1.2319286601880766,3.851144268020846,darkred
0.9799616502987892,1.4137473634709243,darkred
0.3757081347897238,2.5832510299629647,darkred
0.9398982138907614,1.652947849702622,darkred
-3.1992039768181217,3.9012760592042715,darkred
0.6509701928844395,0.9732515837693199,darkred
1.2452822938835193,1.7939236767716196,darkred
-0.5388905444499017,3.661661372353927,darkred
-2.6869170615832987,3.57755826062843,darkred
0.48641276287859636,2.472622226550559,darkred
0.07356017811192134,3.071375239021355,darkred
-0.18625651663518364,3.7859662846145126,darkred
0.5647471370546764,1.6738601236640518,darkred
-4.133701508173168,3.529008024018264,darkred
0.19907731527146266,2.9441931382159914,darkred
0.054705988741418465,3.162277183734478,darkred
0.7229842942323113,1.7528774535144849,darkred
0.027730715842394615,0.8367822230307422,darkred
0.8051620354498028,0.7932189583793149,darkred
-3.031524795510584,3.970672896652275,darkred
0.4270916066037236,2.264285432729986,darkred
-0.8415233040544777,3.465170425822538,darkred
-1.1320005665042605,3.854596123327981,darkred
0.7738757260873063,0.15534770350454102,darkred
-0.6733813975018198,3.1314567644943034,darkred
-3.125017779488342,3.902550193766494,darkred
-2.4281235920506274,3.90687493840015,darkred
-3.925661588320379,3.23644305309176,darkred
-2.3954713745574616,3.875568206233757,darkred
-3.9513720177733784,3.430703921142965,darkred
-4.020469755796578,3.695286608592499,darkred
-1.095575856855588,3.690214006425398,darkred
0.2680482932675624,2.531674915514822,darkred
-1.8960591778340206,4.041942752083289,darkred
-0.06874352798831079,3.201648305747478,darkred
-1.6364454644225832,3.46834572372812,darkred
-1.1838809812913795,3.4077523674765917,darkred
0.03510628086177676,3.5754339749619666,darkred
-2.275632823502782,3.69661782507467,darkred
-2.6380869922075276,3.928556939029736,darkred
-1.1341566499654065,3.4746960368923103,darkred
0.5249564069393581,0.3868015200621743,darkred
0.8320737883849598,0.7726772034696072,darkred
-3.4469774686219767,3.942710468710405,darkred
0.9281013657785404,1.0022495460899967,darkred
-4.615134692391095,3.4904434451169806,darkred
-0.7867630656352257,3.619536704281853,darkred
0.44001770597792234,2.9108872259383163,darkred
1.0817428460703042,1.1236293382106108,darkred
0.4225228908602844,0.35282487848925354,darkred
0.18760166418018615,3.0677677463545026,darkred
0.6418722177715733,0.5546627676236113,darkred
0.6070763900659671,2.5671224379960864,darkred
-1.5929244362513557,3.631393763875872,darkred
-0.20425228103801307,3.4239978446584356,darkred
0.18810382514890447,2.8448198315558497,darkred
-2.8584483262585367,3.526619814923133,darkred
1.1797408609324216,2.2580097427936248,darkred
0.7435106166251796,0.18575476288958048,darkred
-1.466757646540315,3.904478010413728,darkred
0.7293091645795973,0.46169181386323804,darkred
-0.16533377980360373,2.840805670903875,darkred
-3.480385607217432,3.250118641094169,darkred
0.7777008646363434,1.4161885063903523,darkred
-4.219252919922772,3.825660048909214,darkred
0.04642586499437894,2.7116607639458605,darkred
0.944113817650726,0.40907237440567445,darkred
-1.3872799227446586,3.9365784622884155,darkred
0.6538441517090388,0.4545933653339958,darkred
-0.42324571282843654,3.2308701508411986,darkred
-4.313611496455203,3.4912569574835013,darkred
-0.45356696326192075,2.9825577478734107,darkred
0.1555061376885163,2.877388685025729,darkred
0.4757884524008109,0.5220520236126982,darkred
-4.4065983380045735,3.2759563807723318,darkred
0.9813095791341098,0.5590463731030204,darkred
0.8280837528258551,1.0435022915040948,darkred
0.5468692412501666,1.992509119787731,darkred
-2.955981937490724,3.728266010896695,darkred
0.9882396010418396,1.4493964305054439,darkred
-0.9580935408720468,3.645880439440483,darkred
0.056057000323082945,3.0191001751528583,darkred
0.5673335167442259,2.4203672310579583,darkred
-2.762004950014761,3.9760698718667093,darkred
0.9083339846749735,0.9272211993966784,darkred
0.7599120140108379,0.5388227210373606,darkred
0.8221263919356377,1.0686398119394924,darkred
0.700008595320432,1.4772631489224979,darkred
1.0436223047478945,1.7452166812101915,darkred
0.3540649764931913,2.2035382596695037,darkred
-0.4667931883639918,3.534893480822098,darkred
-3.1450009430459067,3.625795341800163,darkred
-2.8348962544311123,4.034709929909099,darkred
-4.589521541451191,3.3333240085164224,darkred
-2.4898226765775897,3.9958946586348407,darkred
2.288986535267488,0.40388566129701664,darkblue
0.854631575879479,5.497967373061027,darkblue
0.6849842078884472,-0.49457565320698815,darkblue
2.312754415111228,0.859880653850885,darkblue
2.459509408182205,0.6940279681383494,darkblue
2.465869749253189,0.3913735486498375,darkblue
2.8748753683164296,1.9877993575458892,darkblue
2.807022610001942,0.26580995293708704,darkblue
2.1240215732754573,3.4075778061489372,darkblue
2.982370940748357,1.912481755556273,darkblue
2.8397504907607423,1.9565070367384971,darkblue
1.6588714588978888,0.2543197638272379,darkblue
2.7220250493738543,1.106578675826968,darkblue
2.332344608448085,1.8819659250345349,darkblue
2.362747486724634,3.214587249263735,darkblue
2.6803840164091843,0.857783083244423,darkblue
0.6100374275259828,-0.3902152484101665,darkblue
0.7497250432215299,-0.2827797237551422,darkblue
0.497695230960148,-0.07979150253305323,darkblue
0.9345039480921074,-0.4965687831776958,darkblue
2.094647760602922,4.117707781244811,darkblue
0.5562414955184568,-0.4135967960772169,darkblue
1.7599563351007619,-0.2417991569869813,darkblue
2.148021880934531,3.7554962748304295,darkblue
2.57062044014753,3.35757461997364,darkblue
0.9666810658417656,5.350674606986581,darkblue
1.920061350852437,0.45161204249040277,darkblue
1.9983284829583927,0.5228830657043603,darkblue
2.1310107281318174,0.17068887939062596,darkblue
1.4143187572051625,5.019097468305035,darkblue
2.0214512225265158,4.171586150099037,darkblue
1.303115813454819,-0.2145772531784516,darkblue
0.7469478660577573,-0.261556151828587,darkblue
2.539364890630473,2.4852115640800023,darkblue
0.7129015747990702,-0.2407282978163165,darkblue
2.6734830301713437,0.8674125267999786,darkblue
0.7687847927119866,-0.6417353059749891,darkblue
2.6892159144469927,2.5621243471686617,darkblue
2.1658064743621512,4.489506775261322,darkblue
2.6692125510993265,1.837413013486059,darkblue
3.072305607135114,2.362078139374577,darkblue
0.7254219187093676,-0.5767734487293176,darkblue
1.9956201085906566,0.16576328776026064,darkblue
2.1189047955356233,1.6777563798187782,darkblue
1.8515569360546196,4.122339341847547,darkblue
0.6929972770100795,-0.5287169288750295,darkblue
2.313802476963883,2.8911126431726437,darkblue
2.552557359413359,1.07254605555321,darkblue
2.4977663649885447,3.5956555081350188,darkblue
2.7510260171088086,0.9613895588335413,darkblue
0.7462035166818176,-0.4693087530566908,darkblue
1.8902834733656824,0.10745070925096892,darkblue
2.421169658482852,0.6071042468381261,darkblue
0.4401615364501503,-0.365883404877893,darkblue
1.9304784383858955,0.043536597827320556,darkblue
2.7086700393092156,1.0302399639973605,darkblue
1.9426056735682393,4.105113256119519,darkblue
2.2180307712444423,3.9826130029062843,darkblue
2.098613407712993,3.4128617547575537,darkblue
2.415210718793378,2.965314437072811,darkblue
2.7103342285861878,2.239649703600914,darkblue
2.2938191516863577,0.9045051188103459,darkblue
2.6267064553374517,2.0116686088246043,darkblue
0.7519240116193147,-0.16869418841664077,darkblue
3.0345835987288003,1.0032829810791999,darkblue
2.49755328842514,2.587792462601029,darkblue
3.161758091511076,1.6560546714006754,darkblue
0.25226529763724653,5.41916272608042,darkblue
2.7938044955834966,1.6876067906557077,darkblue
2.3719701495630345,0.6825056701021875,darkblue
1.8769963713943163,3.8343466792936693,darkblue
1.7384664859185122,3.78551720692733,darkblue
1.4445581649759869,-0.19651702235230437,darkblue
2.0366551379286415,3.327299266438932,darkblue
0.7202609866985455,-0.5817676951774099,darkblue
1.9199436147727338,3.202069662238476,darkblue
2.5168150175001562,1.324161796176045,darkblue
2.2581418677015654,0.7914527361840655,darkblue
1.8183304338802864,0.16860704474981025,darkblue
0.9590993599194463,-0.5580630449604677,darkblue
2.4406851975825616,1.088377093717125,darkblue
0.4559526632795801,5.4330932247603565,darkblue
1.8552585130475552,4.1111930899318,darkblue
0.8374260386604717,0.041205436140007545,darkblue
2.584259453801906,0.5951971714000444,darkblue
0.659688295459552,5.294862160707732,darkblue
1.183112896520252,-0.3142140023480629,darkblue
2.732831386273025,1.7734358046491243,darkblue
1.9755441640900437,0.10841589733157839,darkblue
2.384988979915935,3.039580329899137,darkblue
1.4513295050837658,5.012519928561945,darkblue
0.17507833734032952,5.300818903710165,darkblue
2.8144458018725507,2.247937888731991,darkblue
2.4886304860050723,3.154105337868675,darkblue
1.3170021850395837,5.230469441323435,darkblue
1.5077070934293615,4.5391505116898765,darkblue
2.7330039270578728,0.8591577150118761,darkblue
2.795730085977037,1.3190917553563257,darkblue
2.853472688706153,3.4149279837918276,darkblue
1.6644415239920145,0.21189133611348626,darkblue
2.15257940807453,4.40773907808428,darkblue
2.518764363269277,1.3367737582238182,darkblue
0.48306196399399565,-0.4594690160556536,darkblue
2.37139299018148,0.879283719386818,darkblue
2.4517660570586535,0.7091624295123808,darkblue
2.7866178558320014,3.2599258124914074,darkblue
1.920003780009312,-0.16835700893377825,darkblue
2.5190243815274074,0.8720749995888277,darkblue
2.0004807273994687,0.024612834779557988,darkblue
1.6353830575235422,4.901338098950657,darkblue
0.9994687206378248,-0.19865222078152833,darkblue
2.19889028276091,0.20614420961100433,darkblue
2.9887045921560125,2.5869443900100766,darkblue
2.0624854061246483,4.299055795592908,darkblue
2.36792358946061,0.7337802010109582,darkblue
2.8121984254882837,1.5276409999687355,darkblue
2.7602944961239833,2.336216080114424,darkblue
1.7291120329811334,0.01283928522790101,darkblue
0.8379024154406285,5.257649934607494,darkblue
2.5440677386410315,1.273394923457447,darkblue
2.2407038571298488,1.458267128405389,darkblue
1.4663272830518517,0.2681347851157472,darkblue
0.23893308017042902,-0.1620717551187384,darkblue
0.9927539094781815,-0.16969519083915632,darkblue
1.7026356765618913,4.64828704588517,darkblue
1.9565628900723966,0.5337858478947399,darkblue
2.6825009052435234,2.387573853708339,darkblue
2.757904252307313,3.117880733297702,darkblue
0.8180914657383815,-0.5092608564329362,darkblue
2.3333748300447255,1.7125944564295943,darkblue
1.7316824020613304,4.98735091807147,darkblue
2.0258646364314616,3.955447163141767,darkblue
0.9897979525770593,4.588348006532524,darkblue
2.226683046334495,4.268099050588623,darkblue
0.9856301804907852,4.904776582570276,darkblue
0.9694524384695863,5.6323644891673394,darkblue
2.7075754520110906,2.863610232016756,darkblue
2.1868404819181464,0.795048750149891,darkblue
2.3973159588249993,3.821957963591715,darkblue
2.861213461583052,1.7436807966217018,darkblue
2.5681718415491894,3.1180406426533507,darkblue
2.387399965088447,2.3689168144391113,darkblue
2.7459035537904675,2.0205637240680425,darkblue
2.218859561704804,3.821102446238512,darkblue
1.8457399794727882,4.032681120071701,darkblue
2.4477830919218198,2.4448010414330055,darkblue
0.6147045938874577,-0.3941186572867567,darkblue
1.0853227757404897,-0.28497496697412195,darkblue
1.4275232460154008,5.100997049101837,darkblue
1.330208368415468,-0.22507678183239344,darkblue
0.378421852340995,5.487338890418697,darkblue
2.8481182606214426,2.635159665864728,darkblue
2.622767736225438,1.2063058490959946,darkblue
1.59337253323702,-0.20194204580627123,darkblue
0.4252816292201951,-0.16060058390211274,darkblue
2.805217275631135,1.4780463207752226,darkblue
0.814812528744175,-0.38470909520767366,darkblue
2.597770879145106,0.8363958262044364,darkblue
2.611179645564999,3.280366964104645,darkblue
2.6299195753606552,1.921050207857899,darkblue
2.604909294670043,1.192401996573107,darkblue
1.8587228390376374,4.156984879621414,darkblue
2.631331483194824,0.536824140982549,darkblue
0.7981091345490574,-0.5083483919908456,darkblue
2.4553419941818078,3.2027469349504263,darkblue
0.8674219562184564,-0.4171975025443368,darkblue
2.347385532592625,1.216242392197797,darkblue
1.4010625411558313,4.438590256643424,darkblue
1.4537905303504812,-0.02799502694188298,darkblue
0.7027706670777074,5.2128822298124415,darkblue
2.775680589450611,1.164135752243797,darkblue
0.9649434133585015,-0.17906275414384332,darkblue
2.573018253518816,3.277564645203434,darkblue
0.7192898917949629,-0.2681985586858197,darkblue
2.4598193185962085,1.7503637577639404,darkblue
0.6610867407947116,5.2490315588362,darkblue
2.4594232512589316,1.5163192106022143,darkblue
2.8079397781033695,1.3002563210334928,darkblue
0.506822718215873,-0.10149908776564728,darkblue
0.5853879534538219,5.245544773027302,darkblue
1.107338665476533,-0.2971112002847414,darkblue
1.2477672382976384,-0.2008530785097403,darkblue
2.2346895661401116,0.25158519080114666,darkblue
1.819821993050984,4.529512658596361,darkblue
1.5962683841609522,0.050681977068939205,darkblue
2.710478698482611,2.6914580824470606,darkblue
2.7286113416763023,1.4494778803466293,darkblue
2.426565690484418,0.6804776832052006,darkblue
1.919063937240578,4.511216294247251,darkblue
1.2619321638707586,-0.2501970835439959,darkblue
0.8027046741508163,-0.12156446522576883,darkblue
1.2620849208125782,-0.19472065263660815,darkblue
1.6730008289363942,-0.11841176359430983,darkblue
2.091861235165339,0.12119384069903433,darkblue
2.0847237506886866,0.4616944509064556,darkblue
2.781795825536897,2.257818720727398,darkblue
1.6738681727573406,4.569319953848211,darkblue
1.9510668839191379,4.868045615884736,darkblue
0.40479008101217784,5.344368274421333,darkblue
1.8584553618308652,3.862504567892885,darkblue
1.600252894890961,-1.8804520242522136,darkred
5.101620046392682,2.182489788982566,darkred
0.17604339757697518,-0.8169045833842238,darkred
1.915710705983335,-1.868036681373192,darkred
1.8498928877630287,-1.7334920626531236,darkred
1.7506880849446989,-1.8390288959886165,darkred
3.0476638854880815,-1.2585381343740072,darkred
2.1094856436424854,-2.0009752546716317,darkred
3.7323799918320124,-0.3860372505259474,darkred
3.256197867347112,-1.4003850130153337,darkred
3.070793517479909,-1.3288942965851303,darkred
0.7461060846695301,-1.196585434310526,darkred
2.510035445606161,-1.8231768123305425,darkred
2.4071293077242144,-1.2940043201437783,darkred
4.244650770364815,-0.608837717267192,darkred
2.0882749693835363,-1.5984822086289405,darkred
-0.11191180949017906,-1.000421058335253,darkred
-0.03845231410259764,-1.0282230613039038,darkred
-0.0014964315270378295,-0.3921671691350997,darkred
0.2104244450910924,-1.1106186017293702,darkred
4.584067539076672,0.29566696173373735,darkred
0.06993881673932123,-0.7131303911233138,darkred
0.8675895182282307,-1.9026482094539405,darkred
4.122279566206597,-0.07360998207421385,darkred
3.549995979644006,-0.28737151109268133,darkred
5.069605701174291,1.9642628905034303,darkred
1.159614987909094,-1.6766976735250676,darkred
1.1977362172892791,-1.5006216800737935,darkred
1.2729469261013864,-1.661122575048041,darkred
4.8563008171035555,1.3772920845543555,darkred
4.405341737439585,0.34284884619145584,darkred
0.4275611669954754,-1.2337148394694908,darkred
0.15112608280650297,-0.6828780914386317,darkred
3.346527916018204,-1.0970277511499626,darkred
0.01651727577163578,-0.806851515512138,darkred
2.0854751358046473,-1.5954559499692857,darkred
0.14814757887559563,-1.095274492470255,darkred
3.6549687634429096,-1.0782375249490224,darkred
5.154185133137556,0.7349689518118397,darkred
2.8563436498421226,-1.4187258107587897,darkred
3.564521538904521,-1.0763292312984254,darkred
0.06951529775547469,-1.0797907588883766,darkred
1.1919708634153539,-1.8490250360960097,darkred
2.0162329237737215,-1.3538642713570233,darkred
4.537930463878477,0.3198981455618774,darkred
0.0014360585727262454,-1.0869175613148057,darkred
4.081857839977264,-0.9222960785354022,darkred
2.0376295502572823,-1.500679466904709,darkred
4.112832226234508,-0.19892848862794993,darkred
2.6487920837982335,-2.070617567582234,darkred
0.06898856931824214,-1.004615358229223,darkred
1.0869601788719034,-1.9082728535610016,darkred
1.640212210684402,-1.4697129275523877,darkred
-0.13802328696285474,-0.7654684839721071,darkred
1.0735290904720804,-1.7927634128002103,darkred
2.4899529617641942,-1.8928722796740318,darkred
4.582289503910057,0.2971927968694093,darkred
5.068309656823695,0.20349239095858662,darkred
4.018373714539929,-0.41315439684143523,darkred
3.6978184828060994,-0.7660966039610758,darkred
3.2010465771878707,-1.197971186064053,darkred
1.7532222952715473,-1.6314317550275346,darkred
3.2243780249884817,-1.479422621148964,darkred
-0.028912302193517314,-0.8972503391056824,darkred
2.543594306474631,-1.6034391490998032,darkred
2.9544840528774627,-0.8318874079970126,darkred
3.556297873135162,-1.729091904061003,darkred
4.7127999886855445,2.219636720290101,darkred
2.8902866456498657,-1.504470084392022,darkred
1.7144655567162266,-1.66124610243585,darkred
4.5360364820835,0.028635078389492252,darkred
4.489711690899683,-0.008453980572340647,darkred
0.5666529231707699,-1.2265154218219858,darkred
3.9093088453111746,-0.4954368608909221,darkred
0.03646842485373297,-1.1274493238988712,darkred
3.774856264459099,-0.6192837505753207,darkred
2.489685241248317,-1.771806432672584,darkred
1.667304777585865,-1.666865661282711,darkred
0.9067484622341282,-1.3077150268162037,darkred
0.23530538901374548,-1.1715960039557525,darkred
1.8779242166689616,-1.4141204820984357,darkred
4.932503202730139,2.242801085835528,darkred
4.221653272912599,0.2816037740068608,darkred
0.08851954147265155,-0.619846674667391,darkred
1.9879051483467887,-1.8541817720993548,darkred
4.728727167856951,1.892592245705286,darkred
0.4070240391168348,-1.0321467521402863,darkred
3.0001673496904226,-1.535328715284472,darkred
1.0729836791869851,-1.4761587655685615,darkred
4.009586875922742,-0.7563596506803291,darkred
4.871462849915234,1.3641474170996224,darkred
4.626451795932822,2.096045403375395,darkred
3.4509564575826404,-1.2613669785488195,darkred
3.7966662961568263,-0.5832618851630456,darkred
5.066987348971593,1.6937949569239452,darkred
4.48609241831822,0.7826822067702781,darkred
2.117404214748978,-1.5583230692234888,darkred
2.688337062458817,-1.7083521894513476,darkred
3.9869660007348875,-0.2776035926841224,darkred
0.7856350519663686,-1.526323052878713,darkred
4.9545355876920985,0.6210824484950794,darkred
2.3315090098489977,-1.6170149207304636,darkred
-0.030038156198119406,-0.7861088710726741,darkred
2.256053137941105,-2.1410867684112493,darkred
1.9922574921923457,-1.9398925342906392,darkred
4.283880912167347,-0.5158467844361501,darkred
1.0198822669236642,-1.773509560093069,darkred
2.1087605922452344,-1.8396793336169908,darkred
1.1205924953587354,-1.7080460721900674,darkred
4.918755706475228,1.2144939302770994,darkred
0.15881951898184862,-1.0864127012728606,darkred
1.3006369230311918,-1.4135942675889122,darkred
3.821769951870644,-1.005401103729009,darkred
5.062021834025711,0.5467013732435634,darkred
1.8027976354663326,-1.765076985074324,darkred
2.844604481465057,-1.615956413561196,darkred
2.9780494962648056,-0.9404470527318255,darkred
0.8728082386433278,-1.8260407131373104,darkred
4.82075218586427,1.8164355944981716,darkred
2.269609251747229,-1.5928254621910982,darkred
1.8579867951049454,-1.2868675859021688,darkred
0.5521739085456199,-1.117990461126396,darkred
-0.520498657414151,-0.8444053570408929,darkred
0.25264173160569514,-0.813611593900498,darkred
4.656546979797595,0.8871908860947211,darkred
1.2226419301009852,-1.656024930365544,darkred
3.511287003410598,-1.2031189211522009,darkred
4.064842418587918,-0.6192333531117656,darkred
0.26463143908547077,-0.879857090186625,darkred
2.6079821405617367,-1.6007639736451345,darkred
5.099497478128035,1.323725544437445,darkred
4.294923531217073,0.12246632149023703,darkred
4.618311756207499,1.007387649561129,darkred
4.877701939760742,0.46146132405907037,darkred
4.730715651443058,1.366243591047547,darkred
5.1419721892894,2.2795040463124727,darkred
3.893291238942446,-0.8433173031021473,darkred
1.6422742001606527,-1.7349871124871241,darkred
4.35349111187466,-0.0062063669772702,darkred
3.0635550555734916,-1.5227201429057646,darkred
4.367107395249558,-0.6984172980472783,darkred
3.2733824589934457,-1.2433209856958918,darkred
2.7547450533919906,-1.1044907042447452,darkred
4.573912598616966,-0.008999825885051882,darkred
4.177827651243539,0.20163514694368134,darkred
3.3468377335672157,-1.1721972675960615,darkred
-0.016718024550516047,-0.8623029558018713,darkred
0.29599362144623564,-1.0331211087285594,darkred
4.867879206815676,1.4586988896561817,darkred
0.4683660910196715,-1.186974825116784,darkred
4.604562309039766,2.1612397900975204,darkred
3.813063401578457,-1.004928421623783,darkred
2.237931976185889,-1.5363018156307682,darkred
0.7012088837320603,-1.3078120442313734,darkred
-0.017978494980544567,-0.4197024525998731,darkred
2.7372859418645406,-1.583736008873676,darkred
0.08776278741827202,-1.0041657292639699,darkred
2.094264910867339,-1.752959478407607,darkred
4.40923356046214,-0.5360073707877846,darkred
2.745414669532937,-1.284888436874519,darkred
2.3822762066690744,-1.7268218535287487,darkred
4.763220581372658,0.386977348824624,darkred
1.866536338529626,-1.5808830146974908,darkred
0.22429742853762252,-0.9026836729621169,darkred
3.808674876566675,-0.5447565278204034,darkred
0.1753378769141864,-0.9762513468949634,darkred
2.1968321193759355,-1.7721180042701445,darkred
4.871033226084851,0.805367960670295,darkred
0.5411357356146632,-1.3355976193525732,darkred
4.365152109933394,1.643895855895433,darkred
2.8001119785529287,-1.9732306783850309,darkred
0.4660182490304806,-0.491169277452095,darkred
3.9824446346100086,-0.48166109054440853,darkred
0.12605659398653302,-0.6862721941796114,darkred
2.619195687438356,-1.4866969967510135,darkred
4.670713318318171,1.8197038098924547,darkred
2.6461185372347655,-1.7395235847839237,darkred
2.7683199059629136,-1.7853847754143277,darkred
-0.017671251888262796,-0.44015110603846275,darkred
4.787094681874774,1.9071520254081473,darkred
0.42889900045150287,-0.8343343773669034,darkred
0.3799656192659637,-1.1864873234840196,darkred
1.5709153800264866,-2.0805720520705426,darkred
4.901623909926869,0.7941684551035009,darkred
0.6889605264040288,-1.175243622062604,darkred
3.7182108110638152,-0.9628298509491511,darkred
2.7055557307042903,-1.6498332196627623,darkred
1.8493932291350055,-1.799609384713548,darkred
4.723048777394155,0.7248649322094431,darkred
0.4190571095617733,-1.1451312309298052,darkred
0.25218892458320896,-0.4888175891340688,darkred
0.3879619287912348,-1.2074161475437186,darkred
0.7776019353233077,-1.758885211849101,darkred
1.209535664165235,-1.59861912253388,darkred
1.4415721499729908,-1.9080219172108048,darkred
3.3001111477134146,-1.1940792718131612,darkred
4.900419013788433,0.8678191880743663,darkred
5.065738327029296,1.1399477994853375,darkred
4.643561314652544,2.0246896679046333,darkred
3.9170751738394487,0.03009027854221763,darkred
-0.7224083918050835,-2.42616003801982,darkblue
4.35382646815948,-3.153248908100716,darkblue
-0.3575720494869076,-0.5373133777204698,darkblue
-0.6452568603086114,-2.8881454104676756,darkblue
-0.557209387307557,-2.419308684799179,darkblue
-0.5384879249293609,-2.334864628695856,darkblue
0.32264740681341875,-3.031346125686849,darkblue
-0.20237641424917596,-2.5302831255299703,darkblue
1.2511921898506986,-3.6757240277239305,darkblue
0.5240845497102176,-3.293959471975875,darkblue
0.3410740145539655,-3.1716840937529884,darkblue
-0.9667973625148464,-1.1315600316028398,darkblue
-0.133202035898968,-3.1044661742082775,darkblue
-0.30594925662563144,-2.946754892120442,darkblue
1.8744192617054578,-4.150326251630403,darkblue
-0.33496769532561815,-2.313833378030816,darkblue
-1.0013401609302433,-0.6802975837990077,darkblue
-1.078113860163747,-0.7183631159479057,darkblue
-0.5216175255721008,-0.11604234136483277,darkblue
-0.6833980484643899,-0.7905722670467181,darkblue
2.518792984315863,-3.7712542168634955,darkblue
-0.43261622524704707,-0.44174671489520756,darkblue
-1.016931361495735,-1.9602604027815522,darkblue
1.7933051165732663,-3.6979204195888054,darkblue
0.8830678044630067,-2.958008673674879,darkblue
4.18834944469288,-3.282179931749113,darkblue
-1.0637784747532177,-2.0822866630083867,darkblue
-0.95496643006753,-1.8190408128200781,darkblue
-0.7424802294010348,-1.8339232516411597,darkblue
3.4233958690857285,-3.424454510563282,darkblue
2.281503225295016,-3.636029551517818,darkblue
-0.8928151959137912,-0.9850310663797159,darkblue
-0.5116603116931557,-0.37754226081992237,darkblue
0.6477991792875496,-3.587171093746223,darkblue
-0.8219519619388503,-0.4868266306056717,darkblue
-0.34143547844076805,-2.3176604142065624,darkblue
-0.5549474851592283,-0.7845564920015786,darkblue
0.9851993277186766,-3.7347849620155236,darkblue
3.3968493279484733,-3.7303117945396695,darkblue
0.13001025916868958,-3.208855508230569,darkblue
0.8328813732267488,-3.2218044176946607,darkblue
-0.6940637818625328,-0.7632676177114244,darkblue
-0.9547116308800955,-2.1604385359701443,darkblue
-0.6605635106629948,-2.780758147745019,darkblue
2.588106555410527,-3.9077901717304395,darkblue
-0.8277604787473363,-0.7671082940958267,darkblue
1.663376693471646,-4.36018129905633,darkblue
-0.4483130264357982,-2.3413516642894416,darkblue
1.6341590188668698,-3.494908551633431,darkblue
-0.028120078788570244,-3.4980839474143597,darkblue
-0.7332080232565649,-0.6857833125760913,darkblue
-1.0603692807770289,-2.220436254483566,darkblue
-0.5488429452528236,-1.831792525679527,darkblue
-0.7731665281381604,-0.46453827836093226,darkblue
-0.9452280416579025,-1.9687735130641029,darkblue
-0.15089503814107014,-3.165013856114249,darkblue
2.604375565779868,-3.89280068779067,darkblue
3.2206346457012245,-4.154481837797293,darkblue
1.6648266853790996,-3.9887236675300644,darkblue
1.1076256113153766,-3.7425730312041914,darkblue
0.4693357324587889,-3.341750990736318,darkblue
-0.7132618880731556,-2.4312295810852405,darkblue
0.49984011772782677,-3.74256699857326,darkblue
-1.0502785936800467,-0.585304330490893,darkblue
0.04061207500544395,-2.4815910141110527,darkblue
0.22141979435543915,-2.937440993082388,darkblue
0.8219448340634969,-3.7633466654818646,darkblue
4.172196533126322,-3.243062639514655,darkblue
0.1741080560588722,-3.1840645148851046,darkblue
-0.6440353148899245,-2.2637063081945894,darkblue
2.5697136115679324,-4.177017007601214,darkblue
2.5796588637893407,-4.288087813875993,darkblue
-0.764304477529895,-0.9812263800379886,darkblue
1.5350491007702463,-4.028570607640233,darkblue
-0.7780020089199267,-0.8081084087831525,darkblue
1.3929234569671727,-4.136361933411715,darkblue
-0.20506678237002818,-3.2962954716638166,darkblue
-0.7570799502688637,-2.384344930477827,darkblue
-0.8275749417327861,-1.2564229175217319,darkblue
-0.6579267249880575,-0.8515385175430434,darkblue
-0.5706827473530877,-2.1780039642763884,darkblue
4.407904434652725,-3.229151472116001,darkblue
2.0883290191926536,-3.682548861381112,darkblue
-0.8584216283057907,-0.3018006784472188,darkblue
-0.43149639294593833,-2.562413265668698,darkblue
3.81679442713201,-3.33243374427847,darkblue
-0.6027683891137557,-0.7190004609310003,darkblue
0.2683612019960056,-3.421230710915923,darkblue
-0.7505784755292282,-1.4868057886405817,darkblue
1.534505369503321,-4.061272689846706,darkblue
3.4219462449357647,-3.421961199585833,darkblue
4.076723260563982,-3.361343843664883,darkblue
0.7300646207481265,-3.5672538098136513,darkblue
1.2140292428159314,-3.5847377373300837,darkblue
3.87912998253141,-3.322124701055671,darkblue
2.7220881001912094,-3.6749092993020396,darkblue
-0.28399541371402104,-2.233938471919277,darkblue
0.012797185962888646,-3.1290690752991868,darkblue
1.3558865072448827,-3.105503384158742,darkblue
-1.1591060021373443,-1.6343615175904247,darkblue
3.0761728408678763,-3.6988110981391267,darkblue
-0.3201747002464267,-2.9317413671510097,darkblue
-0.5694666286273824,-0.505071059809964,darkblue
-0.4173343594530049,-3.5513847702013743,darkblue
-0.5316456849154895,-2.866473925761397,darkblue
1.7625974524826127,-3.700400925834268,darkblue
-0.8202813758725053,-1.7965577388476568,darkblue
-0.4448194437746215,-2.8402576364486727,darkblue
-0.8198782501907041,-1.8123699642366282,darkblue
3.3675413210852505,-3.472412278142844,darkblue
-1.030328210427512,-0.8022693772133442,darkblue
-0.5512244255759156,-1.4455532776282132,darkblue
1.1272401749793612,-3.523029615124242,darkblue
3.312155794218829,-3.9271505840702594,darkblue
-0.6438391451099577,-2.525092145620005,darkblue
0.13837229006546856,-3.2158195880385083,darkblue
0.2492534836464611,-2.767359981077986,darkblue
-1.1478604516209348,-2.0038998730663713,darkblue
3.831998032674114,-3.3534206562003823,darkblue
-0.3498396585161426,-2.7882476330810992,darkblue
-0.7107281353083876,-2.327992244880636,darkblue
-1.105322454780152,-1.0193730389698012,darkblue
-1.4911327593267647,-0.5278849808135667,darkblue
-0.6750623202951697,-0.49461384774336914,darkblue
2.8762978109608244,-3.5515194229286196,darkblue
-1.0407503133390983,-2.1153361237905832,darkblue
0.8160488922796716,-3.7162151238985395,darkblue
1.4818757660569482,-3.619632049490953,darkblue
-0.33304432721851474,-0.5858447640028364,darkblue
-0.12416677646779628,-3.4952600956551514,darkblue
3.6106123726450674,-3.424700553501553,darkblue
2.1099941975205976,-3.759086744902909,darkblue
3.3313660189405,-3.9254776608510276,darkblue
2.9065664122950334,-3.7377072468253467,darkblue
3.5387989241311653,-3.646362061902491,darkblue
4.324569745843052,-3.0104342771172337,darkblue
1.2758557170071212,-3.7236410638124084,darkblue
-0.8210842702474248,-2.528396809759207,darkblue
2.0162911282653013,-3.61438590905468,darkblue
0.3359396599925685,-3.331153573307455,darkblue
1.9614256429781558,-4.164570157673135,darkblue
0.5880840065186175,-3.8167232327934126,darkblue
0.05278928006482375,-2.6746748816636075,darkblue
2.4344732503215427,-3.9635867191724574,darkblue
2.026088351333973,-3.7335350072263034,darkblue
0.6639526333253857,-3.7593005811658218,darkblue
-0.737888829936589,-0.5495670769680554,darkblue
-0.7465845202035474,-0.7236150800392677,darkblue
3.4337344529785736,-3.341885850180903,darkblue
-0.7955831890130522,-0.9215465404787849,darkblue
3.837146221006449,-3.1617547555253704,darkblue
1.1431272162788022,-3.6606394706951675,darkblue
-0.32965381410117467,-2.5743281035152075,darkblue
-0.7025844529396148,-1.0881106586395937,darkblue
-0.463997357541195,-0.16537885890626752,darkblue
0.05173899664699723,-3.055796912943295,darkblue
-0.8122272648802326,-0.6842505004889816,darkblue
-0.39993554648956725,-2.6115881712280005,darkblue
2.0031833935429266,-4.001354905908986,darkblue
0.0267379073065509,-2.987879444806399,darkblue
-0.25716235085303213,-2.993627868647861,darkblue
2.950547158411505,-4.013395246670445,darkblue
-0.3498494283979732,-1.9774045685664547,darkblue
-0.40411279539769007,-0.6029157990529619,darkblue
1.2399081182294207,-3.5905289151279307,darkblue
-0.6548589940289421,-0.6564158748380149,darkblue
-0.4664406062369817,-3.135915122032006,darkblue
3.4595557626406075,-4.016325950852087,darkblue
-1.0476087248352917,-1.1990166784310279,darkblue
3.1055099657886016,-3.312312698924801,darkblue
0.09528864319901534,-3.563072097311794,darkblue
-0.0537365110053159,-0.21514067221082944,darkblue
1.4315728394377263,-3.5818730092072695,darkblue
-0.532622443907821,-0.3815539056535877,darkblue
-0.10449297514414171,-3.243251358188708,darkblue
3.7056416585917145,-3.3673985404039875,darkblue
-0.08017639131025234,-3.5291278428988657,darkblue
0.07626639340760552,-3.2938935078699116,darkblue
-0.573199487807461,-0.1552520129329331,darkblue
3.9968151188373313,-3.400829114465976,darkblue
-0.37556975091594996,-0.515399981061304,darkblue
-0.9075194852374938,-0.927766198444464,darkblue
-0.7806791309770831,-2.671805365955648,darkblue
3.207621896261046,-3.7424223960890224,darkblue
-0.8263761144720065,-1.002454767757642,darkblue
1.057370684290362,-3.66269542735194,darkblue
0.009945778379059519,-3.179522024865924,darkblue
-0.5870114059545988,-2.539806904779539,darkblue
2.8459647302923927,-3.5966328522089044,darkblue
-0.777416123942997,-0.8626470953749406,darkblue
-0.34111948512437607,-0.19568352677923892,darkblue
-0.9261195921070488,-0.9567511778747284,darkblue
-1.0907891919057402,-1.8036837475870835,darkblue
-0.7210288372523126,-1.6944092452556372,darkblue
-0.9322382249381995,-2.5358944765650158,darkblue
0.5698374559890425,-3.3689025042590206,darkblue
3.3081007390162767,-3.7772061897475253,darkblue
3.3944466317892026,-3.421485702889695,darkblue
3.88802092582954,-3.306033204516975,darkblue
1.6274169474395765,-3.668933920066493,darkblue
-2.356336038124603,-0.6875303662381952,darkred
-0.6409555805869289,-5.173510021105537,darkred
-0.38224668623931846,0.06460675812052039,darkred
-2.809180717472667,-1.1803368043380809,darkred
-2.3546951419589677,-0.6776052761537611,darkred
-2.1124822704949318,-0.6002979167646416,darkred
-2.5751575890328984,-1.5578166250797945,darkred
-1.8167015057813818,-0.7928057887795879,darkred
-2.838354030687174,-3.1717957482470305,darkred
-2.481855694525435,-1.87466716236481,darkred
-2.6196885150911466,-1.7290725575972175,darkred
-1.7669354354708655,0.3843705692426114,darkred
-2.5644499136364045,-1.4560000479285011,darkred
-3.093812520251607,-1.4235352189187935,darkred
-2.3777155305940845,-3.868389819462689,darkred
-2.166101313009126,-0.5729192555593277,darkred
-1.168819275354146,0.25003170066232505,darkred
-1.3295980489007693,0.33694016695685497,darkred
-0.5425469571299784,0.4724581530074809,darkred
-0.8531410390188577,0.14352388618760917,darkred
-2.035901348918699,-4.016134575949656,darkred
-0.44886858845427996,0.12917055637899635,darkred
-2.0090854243471705,-0.3570235436422031,darkred
-2.5099270183321316,-3.4931246001987555,darkred
-2.763235910214471,-1.9836997051907561,darkred
-0.795831447121058,-5.142211037518511,darkred
-2.5267255744721884,-0.35956593647623514,darkred
-2.3070768117552274,-0.1139551997882082,darkred
-1.8998435828730256,-0.17491247379561092,darkred
-1.4514911388304947,-4.5843957219302425,darkred
-2.2262258017626264,-3.786170645319512,darkred
-1.337636912363715,0.28279029300109937,darkred
-0.5786249229415604,0.3491155094088321,darkred
-2.8580925828308383,-2.495075121112519,darkred
-0.9640369006219026,0.39932147199661633,darkred
-2.1803381983194883,-0.5769964016745722,darkred
-0.6374053353576615,-0.020299305037635718,darkred
-2.6503229570014746,-2.750970526964341,darkred
-1.3488651360160167,-4.441054717441697,darkred
-2.783454230247542,-1.7428463814574984,darkred
-2.390974724220432,-1.9288722334178934,darkred
-0.8017362405266476,0.05627283362458724,darkred
-2.2977448800002436,-0.45706371198800744,darkred
-3.234688073337812,-1.1760313729572127,darkred
-2.0480908808812845,-4.333037292737089,darkred
-0.9653957976300459,0.11090160556292905,darkred
-2.523159816047356,-3.984657797869213,darkred
-2.419327793972804,-0.6087983392162535,darkred
-2.459580049746732,-2.996304617875942,darkred
-2.602798308064801,-1.8935432008307087,darkred
-0.8581896684677961,0.16835533824957294,darkred
-2.404375445932184,-0.5168760925941603,darkred
-1.9569406533916003,-0.11705494941615197,darkred
-0.8301249459004614,0.23597700634445695,darkred
-2.107035825874072,-0.30848360270046493,darkred
-2.573025960501315,-1.5140431888830725,darkred
-2.0132222026921442,-4.274873713200644,darkred
-1.4773192510005035,-4.733335454605478,darkred
-2.608480650608668,-3.7382767866197035,darkred
-2.76517502418807,-2.9876384174134207,darkred
-2.7530874608719773,-2.0479099057436163,darkred
-2.639149215003049,-0.695090533305064,darkred
-2.8223693591838614,-2.5146201460239888,darkred
-1.2908085713537445,0.4551978288129387,darkred
-1.9713808642095758,-0.7530207489432976,darkred
-2.968575228618908,-1.623314707569723,darkred
-2.306947986632257,-2.4124548514410487,darkred
-0.8289416134812024,-5.506235993529095,darkred
-2.6385526835984927,-1.6715820703304576,darkred
-2.3450315936492694,-0.5224147414152888,darkred
-2.055649369636824,-4.576957492687745,darkred
-2.081639168302175,-4.773750459679977,darkred
-1.2173566364253432,0.29406106121569137,darkred
-2.7118643511532206,-3.7389682270596913,darkred
-0.9086798808487742,0.05691413505402809,darkred
-2.8439220002111227,-3.8320867034343142,darkred
-2.8726890297365357,-1.7248162818064214,darkred
-2.5906275880078935,-0.6435058022061653,darkred
-1.6503163740535434,0.2711912633387545,darkred
-0.8273648680841601,0.08205192786495116,darkred
-2.4565287304615384,-0.43938987063878004,darkred
-0.5932448728752517,-5.510811891142705,darkred
-2.411389994392337,-3.817112180844146,darkred
-1.0564563008964132,0.6772974285803524,darkred
-2.254543628783549,-0.8212658157386419,darkred
-1.164177185990332,-5.155189819259781,darkred
-0.8364719599409298,0.31207858007050954,darkred
-2.730780909115811,-1.9983681866137775,darkred
-1.6715801453423837,0.08712185118753916,darkred
-2.565174032922911,-3.5702457484336176,darkred
-1.4477037048751762,-4.559697304808966,darkred
-0.9243787333973534,-5.6139595903703965,darkred
-2.6273378717964775,-2.3638357737976756,darkred
-2.6766436206767192,-2.8488463664654002,darkred
-1.0587125478407866,-4.8013698746358004,darkred
-2.0203015428246625,-4.376032500454761,darkred
-2.069795329868128,-0.4920730903796994,darkred
-2.5553496670148226,-1.5223420163393513,darkred
-2.4086862982738606,-2.240871599157413,darkred
-2.2250405842154124,-0.004185593309936272,darkred
-1.6041460855739187,-4.2320480151841355,darkred
-2.784603056921574,-1.2926791346172728,darkred
-0.5957949808645306,0.10260660646976699,darkred
-2.9753820046067414,-1.9413122841934318,darkred
-2.596040297157018,-1.144000353429135,darkred
-2.255949063537468,-3.109182470304828,darkred
-1.7603235055830282,-0.214453366442953,darkred
-2.5881356905123067,-1.1290816060745354,darkred
-1.8804607636994117,-0.18403494931356412,darkred
-1.4670457132564156,-4.4724743178892306,darkred
-1.3788267381808972,0.3696344273375049,darkred
-1.5048324144533063,0.14222618953240396,darkred
-2.400354961626555,-2.4483126327803917,darkred
-1.4372466734891207,-4.648648119034737,darkred
-2.525349971691972,-0.786250120080403,darkred
-2.6002659573108953,-1.6720853489858885,darkred
-2.6972975291127086,-1.3176097765778954,darkred
-2.3122253475473924,-0.3428790346302205,darkred
-1.139605890939687,-5.082062566789613,darkred
-2.6948300818857134,-1.1174494183225538,darkred
-2.8967260036968185,-0.6239821895515454,darkred
-1.8486654435996925,0.4653696294289372,darkred
-1.702335123654799,0.4709689973359146,darkred
-0.8626541943235486,0.4683003014751026,darkred
-1.8578626611116538,-4.229133572161513,darkred
-2.5702215968077726,-0.38483653895533554,darkred
-2.7079753170183314,-2.6386185517843392,darkred
-2.4080290527546278,-2.8829166594606725,darkred
-0.3772600668695898,0.07876379593464128,darkred
-3.1309230040143428,-2.07639778759044,darkred
-1.2460878089046077,-4.50950127780653,darkred
-2.343994030961494,-3.807658969644526,darkred
-1.5840935219569412,-5.277382614291792,darkred
-1.7155880085969255,-4.130238091180212,darkred
-1.3982032741330015,-5.1204347233298035,darkred
-0.6653524484231159,-4.947512157692077,darkred
-2.5272955918595597,-2.8970372894037655,darkred
-2.73987645889801,-0.7917706443942749,darkred
-2.277084008393721,-3.394401120563106,darkred
-2.594017329578797,-1.8731860641816769,darkred
-2.2431916629936195,-3.814265076598367,darkred
-2.98319693986121,-2.7778876797559304,darkred
-2.6580079928638694,-1.1198046307696814,darkred
-2.060019134886046,-4.088071340336298,darkred
-2.4577386203463454,-3.8376591882682685,darkred
-2.9179871085618423,-2.729405585706516,darkred
-0.8276370168846887,0.23135310038087603,darkred
-0.9998335075590771,0.33403709040446206,darkred
-1.4407662616588068,-4.500172430572334,darkred
-1.19769019164998,0.30577978744360623,darkred
-1.156410323725644,-5.158650200827089,darkred
-2.491754109977868,-2.6762624322780417,darkred
-2.5124038443486914,-0.8697467266728838,darkred
-1.2142141401063309,0.2374607253772884,darkred
-0.4667560959011058,0.34804660348509897,darkred
-2.5658766148039533,-1.4660754873640147,darkred
-0.9851675758528343,0.2551213623423038,darkred
-2.390630035568708,-0.8808615594363486,darkred
-2.2009206882734307,-3.6503281061377577,darkred
-2.8074339490921183,-1.484931808005863,darkred
-2.6739678203741715,-1.3412100336651172,darkred
-1.7666240068846717,-4.643760311368728,darkred
-1.8014400506603763,-0.25621896675537803,darkred
-0.45871131332156767,0.09118735582746457,darkred
-2.682191522492705,-2.8887978396646288,darkred
-0.7929717856678011,0.22247344156956045,darkred
-2.9791599186332114,-1.5113518433259254,darkred
-1.421892385732658,-5.204797566401343,darkred
-1.7236983905494296,0.24516685490120843,darkred
-1.8165136212118802,-4.699534879828028,darkred
-2.6339660812572183,-2.0155470856097293,darkred
-0.0745661067130916,0.3729944563386886,darkred
-2.5287253368257505,-2.922859192122287,darkred
-0.5980681839937452,0.3412380183662282,darkred
-2.9875580065687886,-1.7627449651114486,darkred
-1.2690565786582035,-5.125173141756685,darkred
-2.993166605831106,-2.0628893056276687,darkred
-2.576167247007249,-1.716761143877675,darkred
-0.6042337536225232,0.4682990984454126,darkred
-0.9951711726210665,-5.370417506720948,darkred
-0.5015988372583737,0.34075759232645825,darkred
-1.3272029707092774,0.3165891715693718,darkred
-2.4684994558670295,-0.9308814369690637,darkred
-1.5681820342806643,-4.543669043788688,darkred
-1.4344048975911194,0.3962596856788635,darkred
-2.6112015550642975,-2.7082730703585156,darkred
-2.6626085629741625,-1.6098997300596933,darkred
-2.446243579694792,-0.7999173569267805,darkred
-1.8351041569629487,-4.131779274589447,darkred
-1.131014303138782,0.3147711875657349,darkred
-0.38391214526435424,0.46470365948389103,darkred
-1.3660781209839896,0.3066092867013721,darkred
-2.063781425521703,-0.20800883507027473,darkred
-1.769267767669758,-0.07038640474447898,darkred
-2.6628969991336953,-0.7940506678019668,darkred
-2.6787515579118484,-2.0918277441643194,darkred
-1.5107683767869737,-4.720730801795575,darkred
-1.3915165065610509,-4.25482138886533,darkred
-1.106290696633832,-5.3170774704218875,darkred
-2.7208610909688815,-3.535543829324537,darkred
